,title,url,author,full_content
0,"Reddit is bringing AI-powered, automatic translation to dozens of new countries - TechCrunch",https://techcrunch.com/2024/09/25/reddit-is-bringing-ai-powered-automatic-translation-to-dozens-of-new-countries/,,"Reddit is bringing machine learning-powered translations to more than 35 new locales in Europe, Asia, and Latin America in a move designed to open the largely English-centric social network to more users.

The service comes nearly five months after Reddit first introduced site-wide translation for French speakers, though the company had previously enabled users to translate individual posts across several languages. Reddit already allows users to stipulate their preferred content language for post recommendations, as well as set their display language, which translates the Reddit interface itself.

Today‚Äôs announcement follows seven months after Reddit went public, and although the company has said its user base and ad revenue continue to grow, the most obvious conduit for attracting a larger base is to make all its content available in more languages.

The big selling point of Reddit‚Äôs new translation feature is that users can configure both posts and the corresponding comments to auto-translate from a community‚Äôs original language to the user‚Äôs own language according to their Reddit settings. This means that a conversation can flow in a given subreddit between two different languages, and users won‚Äôt have to manually translate every response. You can post in whatever language you want, and as long as Reddit supports it, it will automatically be translated into the community‚Äôs pre-set language.

To do this, users in supported locales will see a new translate icon in their menu that will let them view content in their preferred language.

Posts that have been translated by Reddit will be labeled as such, and users will be able to choose to view posts in the original language if they wish.

Reddit translation in action Image Credits: Reddit

Similar to what it did with translating posts in French earlier this year, Reddit said that the content will be indexed in the supported languages for search engines, meaning people Googling for answers to questions in their own tongue will see results from Reddit, too.

Reddit doesn‚Äôt outline all the new languages it will support, but the translation service is already available in Brazil and Spain as of today, so one can assume that Brazilian Portuguese and Spanish are now supported ‚Äî though presumably only in those countries.

Reddit added that it plans to expand AI-powered translations to Germany, Italy, the Philippines, and markets across Latin America ‚Äúin the coming weeks.‚Äù"
1,These hyperreal drawings of trucks look just like photographs ‚Äì and take up to 500 hours to make - CNN,https://www.cnn.com/2024/09/25/style/andrew-holmes-truck-drawings-gas-tank/index.html,,"CNN ‚Äî

Andrew Holmes‚Äô images of trucks on Californian highways are sun-drenched, saturated and sharp. Looking at the crystal clear snapshots, you can almost hear the roar of the engines, feel the heat reflected off shiny aluminum gas tanks, and smell the diesel pumped out of the exhausts. But these are not photographs: each hyperreal image is in fact a color pencil drawing, resulting from between 300 and 500 hours of careful construction. Now, Holmes‚Äô works have been brought together in a book ‚Äî ‚ÄúGas Tank City‚Äù (Circa Press) ‚Äî alongside a show of the same name at London‚Äôs Architectural Association (AA).

Holmes trained as an architect: he attended the AA, and even worked with the late Richard Rogers in 1969, on designs for the Centre Pompidou in Paris. But Holmes has since made his name as a multimedia artist, who by his own admission has been dedicated to drawing since he was four years old. Having grown up in the English town of Bromsgrove, Holmes traveled to the US as a student, at first snapping photographs and drawing what he saw in New York City, before heading out to Los Angeles and southern California. He became entranced by the Interstate Highway System: ‚ÄúI discovered (it) was designed as a single object,‚Äù he explained over coffee in London. ‚ÄúIt (was) 43,000 miles long (at the time of its original design in 1956) ‚Äî the biggest object that‚Äôs ever been designed in the world.‚Äù

The artist originally trained as an architect. Andrew Holmes

In California, Holmes regularly got in his car and drove along the highways. This was the early 1970s. ‚ÄúIn those days, driving was actually a pleasure,‚Äù he said, contrasting it to the increased traffic of more recent years. He would visit truck stops and simply observe: the gas stations, the vehicles, the roadside diners and their signs. Something about them reminded him of visiting the local train station as a child in England, and watching ‚Äúthese huge things belching steam‚Äù pull into the station. What he loves about trucks is a similar sensory overload: ‚ÄúThe sound, the smell, the shiny aluminum, the size of the things.‚Äù

The 100 drawings that make up the ‚ÄúGas Tank City‚Äù series seem to celebrate every inch of trucks ‚Äî particularly classic Kenworth models ‚Äî from their huge radiator grilles to their ‚ÄúWest Coast‚Äù side-view mirrors, and from the sweeping curves of their fenders to their constellations of lights.

The drawings that make up the ""Gas Tank City"" book and exhibition celebrate every inch of the classic American truck, particularly the iconic Kenworth model. Andrew Holmes

The drawings are slick with color and detail. In one, a red truck carrying two gleaming gas tanks has stopped at an angle; in the reflection of the mirror-like aluminum, we see the surrounding urban landscape, including buildings across the street and a palm tree reaching into the blue sky in meticulous detail. A red sign on the truck‚Äôs side warns of flammability; green and orange tubes are strapped into place along the tanks; and every imperfection on the road or welding mark on the metal is brought into focus.

While out driving, Holmes would snap photographs on his camera of fleeting compositions that caught his eye, and then translate them into painstakingly observed drawings. While the words ‚Äúhyperreal‚Äù and ‚Äúphotorealistic‚Äù are used to describe his work, Holmes points out that the drawings are ‚Äúcompletely unlike‚Äù photographic images.

He remembers being frustrated with the shallow depth of field cameras had in the early 1970s: only one area would be in focus, while the rest of the image would be blurry. ‚ÄúI realised if you took three photographs‚Äù ‚Äî identically framed but changing what was in focus ‚Äî ‚Äúyou could then construct a drawing where everything is in focus.‚Äù Holmes‚Äô drawings display a crisp flatness of vision that we may now be used to with smartphone cameras, but that wasn‚Äôt possible to capture on film back then.

Fifty years after he started, Holmes continues to document the vehicles of the American highway system. Andrew Holmes

Drawing also allowed him to play with light and color. ‚ÄúI used to draw from a 35mm (photographic) slide,‚Äù he said. ‚ÄúI‚Äôd hold it up against the sun, so you could see into the shadow areas.‚Äù He then drew these parts of the image as if they were artificially illuminated, bringing the colors to unreal saturation. The end result is tonally ‚Äúcompletely different‚Äù from a photograph. When exhibited side by side, he added, the original photograph almost looks grey in comparison to the drawing.

While people aren‚Äôt the subject of ‚ÄúGas Tank City,‚Äù they nevertheless infuse the series: Holmes would chat to the drivers of the trucks he drew, striking up conversations on his travels. ‚ÄúWhen I showed them a drawing, they immediately got excited and we became friends,‚Äù he said. Then the drivers helped ‚Äî suggesting where else Holmes could go to see a particularly good truck stop, or collection of vehicles.

Fifty years after he started, Holmes continues to portray the highway system, its trucks and its culture. Over the decades, camera technology developed: Holmes admits to now using digital photographs as the basis for his drawings, but the works still demand hundreds of hours each. Somehow, the drawings from the early days hardly look different to those made in recent years. Together, ‚ÄúGas Tank City‚Äù creates a portrait of life on the road, detached from specificities of time and place."
2,"MKBHD is committed to fixing his wallpaper app, but not its $50 price tag - Android Authority",https://www.androidauthority.com/mkbhd-to-fix-wallpaper-app-3484751/,,"Edgar Cervantes / Android Authority

TL;DR MKBHD has launched a wallpaper app on iOS and Android with a premium plan that costs $12/month or $50/year.

Users have complained about the app‚Äôs performance, pricing, and permissions.

MKBHD has promised to improve the app but will likely not drop its price.

In this day and age, finding a free wallpaper for your Android phone has become exceptionally easy. Besides us supplying you with a fresh batch every Wednesday, numerous apps, websites, and AI image generators offer infinite libraries you can pick from at no charge. Nevertheless, YouTuber MKBHD (Marques Brownlee) has launched a controversial wallpaper app that costs $50 per year. Following user complaints about the app‚Äôs performance, pricing, and permissions, the YouTuber has promised to enhance the application ‚Äî while maintaining the same price tag.

Earlier this week, MKBHD launched Panels ‚Äî a wallpaper app for iOS and Android devices. While the app is free to download, unlocking its HD content requires a $12/month or $50/year subscription. Alternatively, users can watch two ads in a row to unlock a certain wallpaper in SD resolution.

Beyond its arguably overpriced plan, users on the web have complained about the app‚Äôs permissions and excessive ads. According to the Apple App Store listing, Panels may use its users‚Äô location and other identifiers to track them. If permitted, the application can also track users‚Äô activity across other apps and websites.

Following user complaints, MKBHD clarified on Twitter that the tracking permissions are mainly suggested by the ad networks and that Panels won‚Äôt actually ask users to share their location. The YouTuber has promised to fix the data collection disclosures and reduce the number of ads for free users.

As for pricing, MKBHD seemingly won‚Äôt be discounting the paid plan. Instead, he will ‚Äúwork to deliver that kind of value for the premium version.‚Äù Ironically, the YouTuber advertised the Panels app in his iPhone 16 review video, which criticizes Apple for delivering an unfinished product.

How much are you willing to pay for a wallpaper app? 5625 votes $1-5 per month 6 % $6-10 per month 0 % More than $10 per month 0 % A reasonable one-time fee 15 % I am not interested in paying for a wallpaper app. 78 %

Got a tip? Talk to us! Email our staff at Email our staff at news@androidauthority.com . You can stay anonymous or get credit for the info, it's your choice.

You might like

Comments"
3,Sonic X Shadow Generations 'Sonic 3 Movie Pack' Adds Keanu Reeves - Nintendo Life,https://www.nintendolife.com/news/2024/09/sonic-x-shadow-generations-sonic-3-movie-pack-adds-keanu-reeves,,"@Samalik oh sorry, I didn't know characterization was the issue considering the that everyone agreed that Sonic (before Colors) was already a cool character. He was a character everyone aspired to be, the ideal, to better yourself to become a better person. But apparently, good characterization means that he has to share the insecurities of the fan base. World building? Give me a break dude, NO ONE who was into the Sonic video games ever cared about that garbage, you wanna know why? Cause that limits the potential of what you can do with a video game. By adding such a stupid restriction you ultimately make a boring lifeless world without any room for imagination. Want proof of that? Look at the last few games that came out, they reused the same aesthetics with the exact same stages over and over again. Honestly, the only people who care about that nonsense was the Adventure 2 fanbase. And that's a fact, people who liked SA2 NEVER liked the Sonic games, they only liked the terrible Archie comics with absolutely try hard storylines that's the most inorganic thing that I've ever seen to the point where it leaves everything so fragmented.

You can have serious moments, just look at the Mario and Zelda games. They have a lot of serious moments without it being so jarring that it was clearly written by an egotistical loser that the fanbase salivates for just because he makes all those awful fanfics come true. Also we've had serious storylines that still felt believable that it could take place in Sonic's world. Adventure 1 was good, Sonic Unleashed was fantastic, heck Riders and Black Knight all had great stories that were a little more serious. But for some reason, serious means ""dark"" apparently. And it means replicating Adventure 2's story, which newsflash, was never good or well written. Although I'd argue it's worse now since we have a literal fanfic writer who doesn't like the games writing for the games.

Sonic used to have integrity, he was an icon, he was someone I aspired to be. Now? He's a complete joke, no integrity, now is just a used sack for the fan base to make their insecurities that people who don't love themselves enough gravitate towards.

So excuse me, if I don't see eye to eye with this nonsense of characterization when that has NEVER been the issue with the character. Proof? Look at all the fan content from the early 2000s, everyone agreed Sonic was cool. Nowadays? He's a pathetic punching bag. And apparently, having cool characters is considered a ""bad"" thing in current era. Now everyone's gotta be ""relatable"" which funnily makes the whole thing feel extremely homogenized

And Sega doesn't seem to care anymore either. You know what I remember? When Sega initially declined Nintendo's request if they could add Sonic to Smash Bros. Nowadays, that really sticks out to me. It's almost like Sega really used to value this character. And they saw the worth in their own creation and were very proud of it. But now? Seems like they don't care anymore, they let the fanbase define what the character is, and this, Sega no longer cares about their creation. After all, it's the same company that let a bunch of idiots (including Iizuka and Kishimoto) ruin this once beloved icon."
4,OpenAI just launched advanced voice mode for audio chats with ChatGPT. Here's how to use it - CNBC,https://www.cnbc.com/2024/09/24/how-to-use-chatgpt-advanced-voice-mode-from-openai.html,,"ChatGPT is ready for more natural audio chats.

OpenAI said Tuesday that its popular chatbot now has an advanced voice feature for people who pay for the premium service. The tool allows for more fluid conversations.

The release will continue through the week. The company said it's not yet available in EU countries, Iceland, Liechtenstein, Norway, Switzerland or the U.K.

OpenAI announced the new capability in May. The rollout got plenty of publicity because of a voice called Sky that resembled that of Scarlett Johansson in the 2013 movie ""Her."" Legal counsel working on behalf of Johansson sent OpenAI letters claiming the company didn't have the right to use the near-identical voice, and OpenAI paused using it in its products, CNBC reported.

In the months since, people have been able to configure ChatGPT to talk to them in other voices through a free tier. The advanced version responds more quickly and will stop talking and listen if you interrupt it. There are now nine voices to choose from, and you can enter instructions for voice chats in the Customizations part of the app's settings.

""Hope you think it was worth the wait,"" Sam Altman, OpenAI's co-founder and CEO, wrote in an X post on Tuesday.

It's an increasingly competitive space for OpenAI, which is backed by Microsoft .

For the past couple weeks, Google has been releasing its own Gemini Live voice feature in English on Android devices. And on Monday, Reuters reported that Meta will introduce celebrity voices later this week that can be accessed through Facebook, Instagram and WhatsApp.

OpenAI got a head start in the generative AI chatbot market, when it launched ChatGPT in late 2022. In August, OpenAI told media outlets that ChatGPT had over 200 million weekly active users.

The advanced mode is only available to those with subscriptions to OpenAI's Plus, Team or Enterprise plans. The most affordable option is the Plus tier at $20 per month."
5,Logitech launches new MX Creative Console with controls for Photoshop and more - 9to5Mac,https://9to5mac.com/2024/09/24/logitech-mx-creative-console/,,"Logitech on Tuesday announced MX Creative Console, its solution to compete with the popular Stream Deck. The accessory provides smart buttons that adapt to different apps, and the MX Creative Console integrates with the entire Adobe Creative Cloud suite, including Photoshop and Illustrator.

Meet the new Logitech MX Creative Console

The MX Creative Console comes with a customizable dialpad and keypad. The dialpad works as a smart analog navigation controller, letting users make precise adjustments or even scroll through a video editor‚Äôs timeline with the aluminum dial. There are physical buttons on the dialpad that can be used for different actions.

As for the keypad, it has nine dynamic buttons, each with a small LCD panel to show different actions for each app. Logitech worked with Adobe to add shortcuts to key tools in apps such as Photoshop, Illustrator, Premiere Pro, and Lightroom. Of course, the controls are customizable, so you can change them to suit your workflow.

‚ÄúDigital creativity is undergoing a massive transformation, constantly evolving the way people create. The MX Creative Console is designed to help people redefine their workflow, enabling them to work smarter and faster,‚Äù said Anatoliy Polyanker, general manager of the MX Business Unit at Logitech.

Logitech‚Äôs MX Creative Console works with both Mac and Windows PCs and can be customized using the Logi Options+ app. The company says that more features and plugins for third-party software will be added in the future.

The new Logitech MX Creative Console is available in two different colors and can now be pre-ordered for $199. The official launch is set for October 14.

Read also"
6,Monster Hunter Wilds Release Date Revealed During State of Play; New Monsters Shown In Story Trailer - IGN,https://www.ign.com/articles/monster-hunter-wilds-release-date-revealed-during-state-of-play-new-monsters-shown-in-story-trailer,,"During the Sony's September 2024 State of Play livestream, Capcom showed a new story trailer for Monster Hunter Wilds. But the big news was the reveal of the game's launch date: the Monster Hunter Wilds release date is February 28, 2025, and it'll be available on PlayStation 5, Xbox Series X|S, and PC.

We recently played a preview build of the game, and came away impressed with Monster Hunter Wilds, but you can watch the new trailer below. And further details on Monster Hunter Wilds were given on PlayStation blog. Arkveld is the flagship monster for this entry and comes from a long-extinct species, and the mystery of its existence is at the heart of the story. In the Forbidden Lands, where Wilds takes place, a research team investigates attacks by a monster they call the ""White Wraith"" and follow clues from a boy they saved named Nata. Arkveld is a beastly figure with massive chain-like wings it uses to attack.

Loading Play

IGN's Twenty Questions - Guess the game! IGN's Twenty Questions - Guess the game! üí° Hint To start: ...try asking a question that can be answered with a ""Yes"" or ""No"". 000/250 Ask

From here, you form units within the Hunter's Guild. You as the protagonist belong to the Avis Unit and the characters featured in the trailer - Olivia the hunter, Erik the biologist, and Werner the engineer - belong to the Astrum Unit. And it seems that this is the lens for which you experience Monster Hunters Wilds' story.

The Scarlet Forest was shown in previous trailers but this latest one gave a closer look at its lucious environments where you'll be fishing, scaling cliffs, and hunting monsters, of course. Using a hookshot-like Slinger can lead to contextual environmental destruction which can be a key part of battles. The Slinger can also whip you around the world as a means of traversal, along with a pet Seikret mount.

Monster Hunter Wilds Screenshots - State of Play September 2024 18 Images

In case you missed it, be sure to read up on the newly announced remaster of the PS1 classics, Legacy of Kain: Soul Reaver 1 and 2, and the reveal of the Ghost of Tsushima sequel, titled Ghost of Yotei. For a recap on everything else, check out our roundup of everything announced during State of Play."
7,PlayStation Plus October 2024 games include Dead Space scares and WWE 2K24 slams - Polygon,https://www.polygon.com/news/455170/playstation-plus-october-2024-games-list,,"is a journalist with more than 17 years of experience covering video games, technology, movies, TV, and entertainment.

PlayStation Plus subscribers‚Äô free Essential games for October are Dead Space, WWE 2K24, and Doki Doki Literature Club, Sony Interactive Entertainment announced Tuesday during a State of Play livestream. Players can download the trio of games beginning Oct. 1.

Dead Space is Electronic Arts and Motive Studio‚Äôs excellent remake of the 2008 sci-fi horror adventure game. As engineer Isaac Clarke, your mission is to uncover the mystery behind the disaster aboard the mining vessel USG Ishimura (and survive the horrors within). Dead Space‚Äôs release on PS Plus is perfectly timed for spooky season, and if you haven‚Äôt played it yet ‚Äî and you‚Äôve got the stomach for it ‚Äî it‚Äôs a must-play.

WWE 2K24 is 2K Games and Visual Concepts‚Äô latest entry in the WWE wrestling simulation franchise. WWE 2K24 offers small but welcome improvements over last year‚Äôs release, for those looking to get back into video game professional wrestling.

Doki Doki Literature Club is ‚Äúan uncontrollably horrific visual novel.‚Äù We may have already said too much, but if you‚Äôve somehow missed out on the magic of Doki Doki Literature Club, just go ahead and play it without reading anything more about it.

October 2024‚Äôs PS Plus games will be available for download through Nov. 4.

PS Plus subscribers can still pick up September‚Äôs PlayStation Plus Essential games ‚Äî Harry Potter: Quidditch Champions, MLB The Show 24, and Little Nightmares 2 ‚Äî through Sept. 30.

PlayStation Plus Essential is the lowest tier available in Sony Interactive Entertainment‚Äôs subscription service. It offers online multiplayer access, a monthly assortment of free PS4 and PS5 games, cloud storage, and discounts on PlayStation Store purchases. PlayStation Plus Essential costs $79.99 annually, $24.99 for a three-month subscription, or $9.99 monthly."
8,PlayStation State of Play 2024: Everything announced and revealed during the September event - Mashable,https://mashable.com/article/sony-playstation-state-of-play-september-roundup,,"Sony is back in the spotlight with another State of Play showcase, dropping just days ahead of pre-orders for the notoriously pricey PS5 Pro.

Announced on short notice, the September 24 event promises a packed lineup, with Sony teasing ‚Äúmore than 20 upcoming PS5 and PS VR2 games from studios around the world.‚Äù Clocking in at just 30 minutes, this State of Play is set to move fast.

Don‚Äôt worry if you blink and miss something‚Äî we‚Äôve rounded up all the key reveals to keep you in the loop.

Ghost of Yotei reveal

Sucker Punch returns with Ghost of Y≈çtei, the highly anticipated follow-up to their 2020 hit Ghost of Tsushima. This time, the story shifts to 1603, where a new Ghost, named Atsu, embarks on an epic journey through the lands surrounding Mount Y≈çtei. The game promises to deliver a breathtaking backdrop of sprawling grasslands and snowy tundras, setting the stage for another atmospheric, action-packed adventure.

Ghost of Yotei is set to release sometime in 2025.

Alan Wake 2: Lake House DLC

Our 2023 Game of the Year, Alan Wake 2, is finally getting its long-awaited DLC, Lake House. In this expansion, players step into the shoes of Federal Bureau of Control agent Kiran Estevez, returning from the base game, as she investigates a catastrophic event at an FBC research station near Cauldron Lake.

Lake House is set to drop sometime in October.

Fear the Spotlight coming to PlayStation

A nostalgic tribute to 90's PS1-era horror, Fear the Spotlight by Cozy Game Pals is getting a major boost with Blumhouse Studios stepping in as publisher.

In this eerie survival game, players follow Vivian and Amy as they sneak into their school after hours, only to face the terrifying consequences of a s√©ance gone wrong. After its initial release in September 2023, Fear the Spotlight is set to haunt PS5 and PS4 on October 22, 2024.

Towers of Aghasba

Towers of Aghasba is an action-adventure builder set in a striking fantasy world where players are tasked with the challenge of rebuilding both their civilization and the surrounding ecosystem.

This one is scheduled to launch into early access in November 2024.

Dynasty Warriors: Origins release date

Koei Tecmo has officially revealed the release date for Dynasty Warriors Origins, set to launch on January 17, 2025, for PlayStation 5, Xbox Series X/S, and Steam. Treated as a mainline entry rather than a spinoff, Origins shifts towards a tactical action RPG format, with a story that begins before the Yellow Turban Rebellion to explore the origins of Zhang Jiao and his role in the uprising.

Monster Hunter Wilds release date reveal

A new trailer for Monster Hunter Wilds has just dropped, confirming its release date for February 28, 2025.

The latest entry in the franchise promises an expansive new wilderness to explore, filled with massive, ferocious monsters and dynamic environments. With this fresh glimpse, fans can now start counting down to the highly anticipated release early next year.

Lego Horizon Adventures

Horizon Zero Dawn Remastered

This one‚Äôs been floating around the rumor mill for a while, and it‚Äôs finally official. Horizon Zero Dawn Remastered is landing on the PS5 and PC on October 31.

Mashable Top Stories Stay connected with the hottest stories of the day and the latest entertainment news. Sign up for Mashable's Top Stories newsletter Loading... Sign Me Up By signing up you agree to our Terms of Use and Privacy Policy Thanks for signing up!

The original, which dropped in 2017, already set a high bar with its stunning visuals, so it‚Äôs a bit of a head-scratcher that Sony is pushing for a remaster. Still, fans can expect some next-gen polish, even if the game didn‚Äôt exactly need it.

Fantasian Neo Dimension release date

This is a turn-based JRPG from the father of Final Fantasy Hironobu Sakaguchi. Teaming up with Nobuo Uematsu, the duo is teaming up for an original story that features some beautifully hand-crafted environments as you embark on a ""multi-dimensional journey to reclaim your lost memories and save the world from the mechteria infection.""

Fantasian Neo Dimension releases on December 5.

Dragon Age: The Veilguard gameplay

We got an extensive look at the next entry in BioWare's Dragon Age series. Safe to say, this looks amazing. Just see for yourself.

Dragon Age: The Veilguard releases on October 31.

Astro Bot DLC

We couldn't get enough of Astro Bot, and now there's even more to love! The hit platformer just dropped some FREE DLC, adding 50 brand-new worlds for players to explore. Best of all, it‚Äôs available right now, so you can jump in and enjoy the fresh content immediately.

The Midnight Walk

A dark fantasy adventure with hand-made claymation visuals? We‚Äôre all in for The Midnight Walk, the latest project from Moon Hand Studios, the creators of Lost in Random. In this eerie journey, you‚Äôll play as The Burnt One, accompanied by a lost lantern creature named Potboy. Together, you‚Äôll navigate a haunting yet wondrous world, using Potboy's flame to light your path through the dangers ahead.

This one is set to release on PS5 and PS VR2 in Spring 2025

Hell is Us gameplay reveal

We just got our first look at Hell is Us, a new game from Rogue Factor that blends elements of Remnant, Dark Souls, and Control into a mysterious and atmospheric third-person action experience. It's a significant departure for the studio, which is best known for its tactical RPGs set in the Warhammer universe.

Hell is Us takes place in a war-torn country where something eerie and unexplained is happening. While the setup might not be the most original, the game‚Äôs intriguing mix of genres and gameplay styles certainly makes it stand out. Expect this one to land sometime in 2025.

Metro Awakening VR

We can never say no to more Metro, even if this time it's a PSVR2 exclusive.

Revealed in its first trailer, Metro Awakening dives deep into the origin story of one of the series' most beloved characters, Khan, back when he was known as Serdar. The game promises an intense VR experience, with players reloading manually, charging gear, and scavenging to survive in the unforgiving world of Metro.

Metro Awakening launches on November 7.

ArcheAge Chronicles

Palworld is out on PS5

A patent lawsuit from Nintendo was never going to stop this quirky, ""Pok√©mon meets guns"" survival game from finally making its way to the PS5.

While its popularity has dipped slightly since its record-breaking launch earlier this year, PlayStation gamers can now experience the hype firsthand. The game is officially available now, ready to bring its unique blend of survival and creature-collecting to a new audience.

Hitman: World of Assassination VR reveal

It's Hitman. In VR. Nothing else needs to be said, to be honest.

No official release date but you can experience intuitive controls, room-scale implementation, and active reload when it drops sometime in December.

Legacy of Kain: Soul Reaver 1 & 2 Remastered

Not much needs to be said about this one‚ÄîSoul Reaver was a childhood classic for many who grew up with the PlayStation 1. Now, the remaster of this beloved cult series is finally getting its moment in the spotlight, featuring high-definition visuals and 60 FPS.

Mark your calendars, as Soul Reaver returns on December 10.

Steller Blade x NieR: Automata DLC

In our initial review, we noted how Stellar Blade seemed inspired by NieR: Automata, and now, the two franchises are officially crossing paths with a new DLC for Stellar Blade. The upcoming content promises to bring elements from NieR: Automata into the world of Stellar Blade, making for an exciting collaboration.

Along with the DLC, players can also look forward to a new photo mode, all set to arrive later this year.

Lunar Remastered Collection

Teenage Mutant Ninja Turtles: Shredder‚Äôs Revenge DLC"
9,Horizon Zero Dawn's remaster arrives in October and it'll cost $10 to upgrade - Eurogamer,https://www.eurogamer.net/horizon-zero-dawns-remaster-arrives-in-october-and-itll-cost-10-to-upgrade,,"It wasn't much of a secret given it'd already been rated by the ESRB, but Sony's Horizon Zero Dawn remaster is finally official, and it'll be launching for PS5 and PC on 31st October this year.

Horizon Zero Dawn Remastered (which was first rumoured all the way back in 2022) is the work of series developer Guerrilla Games and the Sony owned Nixxes, and promises a range of enhancements for the now seven-year-old original.

As per Sony's latest State of Play broadcast, it'll include ""more than ten hours"" of rerecorded conversation motion capture, as well as ""countless"" graphical improvements said to give the remaster the same visual fidelity of Horizon Forbidden West. These include upgraded character models, improved shaders and textures, enhanced conversation cameras to go with the new mo-cap, plus support for 3D audio, DualSense haptic triggers, and even your old saves.

Accessibility wise, Horizon Zero Dawn Remastered supports many of the features introduced in Horizon Forbidden West, including remappable controls, haptic cues, and assist toggles.

Sony is also touting native support for its upcoming PlayStation 5 Pro, although it gets bit vague on the specific enhancements your ¬£700 will get you, promsing ""improved"" graphical features and ""ultra-high fidelity at blazing fast framerates"".

As for the PC version, it'll include the PlayStation overlay with Trophy support, as well as a range of PC-exclusive features. Expect support for ultra-wide resolutions, NVIDIA DLSS 3, and AMD FSR 3.1, with more details due to be shared at a later date.

And if that grabs you, Horizon Zero Dawn Remastered - which includes all content seen in the Complete Edition - will cost $49.99 USD on the PlayStation Store, Steam, and Epic. Plus, there's some good news on the upgrade front, with Sony confirming existing owners of Horizon Zero Dawn or Horizon Zero Dawn Complete Edition (including those that acquired the game through PlayStation's Play At Home initiative) can upgrade to the new PS5 or PC version for $9.99."
10,"PS5 Pro will enhance Stellar Blade, Jedi: Survivor, Metal Gear, and Resident Evil - The Verge",https://www.theverge.com/2024/9/24/24253518/ps5-pro-sony-playstation-state-of-play-september-2024,,"Sony has just revealed seven additional games that‚Äôll get enhanced by its PS5 Pro, coming November 7th, on top of the games it previously revealed. New titles include Stellar Blade, Star Wars Jedi: Survivor, F1 24, Metal Gear Solid Delta: Snake Eater, both Resident Evil Village and Resident Evil 4, and Dragon Age: The Veilguard.

Additionally, developers confirmed a number of extra games in an official PlayStation blog post, including the new Horizon Zero Dawn Remastered, The Last of Us Part I, Spider-Man Remastered and Spider-Man Miles Morales, and Rise of the Ronin. Insomniac suggests Marvel‚Äôs Wolverine will get enhanced for the Pro cosnole too.

That means the whole confirmed lineup so far has 25 Enhanced games, including:

Alan Wake 2

Assassin‚Äôs Creed Shadows

Demon‚Äôs Souls

Dragon Age: The Veilguard

Dragon‚Äôs Dogma II

F1 24

Final Fantasy VII Rebirth

Gran Turismo 7

Hogwarts Legacy

Horizon Forbidden West

Horizon Zero Dawn Remastered

Marvel‚Äôs Spider-Man 2

Marvel‚Äôs Spider-Man: Miles Morales

Marvel‚Äôs Spider-Man Remastered

Metal Gear Solid Delta: Snake Eater

Ratchet & Clank: Rift Apart

Resident Evil 4

Resident Evil Village

Rise of the Ronin

Star Wars Jedi: Survivor

Stellar Blade

The Crew Motorfest

The First Descendant

The Last of Us Part I

The Last of Us Part II Remastered

On September 10th, Sony announced the $700 PS5 Pro, whose price was an immediate topic of debate ‚Äî one of the most expensive PlayStations ever, even counting for inflation, and one whose disc drive is now optional and sold separately. Some joked immediately that they couldn‚Äôt even see the difference.

But though it may not have been clear from Sony‚Äôs initial YouTube livestream unveiling, we‚Äôve since seen that the PS5 Pro does legitimately promise graphical improvements over the original PS5, particularly in games that felt compromised on the original like Final Fantasy VII Rebirth.

When games are explicitly patched for the new console, like the ones Sony has so far revealed, they should no longer require players to choose between a smooth 60 frames per second and a high level of detail: the PS5 Pro‚Äôs additional horsepower and AI-enhanced ‚ÄúPSSR‚Äù upscaling should mean you get both the high resolution and high frame rate modes of the original PS5 simultaneously.

Sony hasn‚Äôt yet revealed what resolutions or frame rates each of these enhanced games will run at internally. It has said it expects 40‚Äì50 games will have PS5 Pro patches by the time the system launches, and the PS5 Pro can still play PS4 and PS5 titles that haven‚Äôt been patched as well. Some may be able to run faster in a Boost Mode."
11,"After 25 years, two classic JRPGs are coming back to life with the ""definitive"" Lunar Remastered Collection, out this spring - Gamesradar",https://www.gamesradar.com/games/jrpg/after-25-years-two-classic-jrpgs-are-coming-back-to-life-with-the-definitive-lunar-remastered-collection-out-this-spring/,,"A pair of beloved RPGs are making a major comeback with the Lunar Remastered Collection.

Due out spring 2025 on PS5 and PS4, the package will feature both Lunar: Silver Star Story Complete and Lunar 2: Eternal Blue Complete. The collection was announced at PlayStation State of Play, but the devs have also confirmed that it's coming to Nintendo Switch and PC via Steam, as well.

Lunar Remastered Collection - Announce Trailer | PS5 & PS4 Games - YouTube Watch On

""The remastered edition brings a host of exciting upgrades, including widescreen support, enhanced pixel art, HD animated cutscenes, and all-new English voice acting,"" the devs explain on the PlayStation Blog. ""Players can choose to either go old school with the original visuals or go remastered for a more modern look. Plus, a new toggle feature allows players to speed up battles, giving them more control over the pace of their adventure, while improved strategy settings make combat even more convenient. And for the first time in the series, Lunar will be available in two additional languages: German and French, alongside English and Japanese.""

While Lunar's had numerous spin-offs and remakes over the years, The Silver Star and Eternal Blue are the two main series entries. They're both beloved classics of the JRPG format with a somewhat convoluted release history. Both titles originally launched on Sega CD, and were later remade and re-released in their ""complete"" versions on Saturn and the original PlayStation a few years later. Here's hoping this remastered collection can do them both justice when it launches next year.

Don't miss out on any of the best JRPGs out there."
12,"Walmart Quest 3S Display Reveals Resolution, Controllers, Included Batman: Arkham Shadow - UploadVR",https://www.uploadvr.com/early-quest-3s-in-store-display/,,"An early Quest 3S in-store display reveals the repeatedly leaked headset's resolution, and that it comes with controllers and Batman: Arkham Shadow.

Photos of the Quest 3S display in Walmart, seemingly put up a day early given that Meta Connect 2024 takes place tomorrow, were uploaded to the Meta Quest VR subreddit.

The photos provide yet another look at what may now be the most leaked headset in this industry's history. While the name, design, battery capacity, lack of headphone jack, new Action Button, and starting price have already leaked in the past, the details card of this Walmart store display confirms some details previously only speculatively known and reveals new ones.

The resolution listed is the exact same as Quest 2, essentially confirming previous reports that suggested Quest 3S would use the same fixed display.

The display also states that all Meta Quest 3 family headsets come with Touch Plus controllers. And while we already knew that the entry model (leaked to be $300) would come with 128GB storage, the display shows a second 256GB storage model will be available.

Arguably the most interesting reveal of the display is that the upcoming Batman: Arkham Shadow will come free ""when you buy"" Quest 3 or Quest 3S.

Previous leaks suggest Quest 3S will feature the same Snapdragon XR2 Gen 2 chipset as Quest 3, but use the old fresnel lenses from Quest 2.

Meta is expected to officially announce Quest 3S at Meta Connect 2024 tomorrow."
13,Palworld Out Now On PS5 Days After The 'Pok√©mon With Guns' Survival Game Gets Sued By Nintendo - Kotaku,https://kotaku.com/palworld-pokemon-nintendo-lawsuit-ps5-sony-1851656704,,"Who‚Äôs ready to capture some Pok√©mon-looking creatures and force them into labor camps to manufacture assault rifles? As announced in the new State of Play, PlayStation 5 players can now join in the Palworld fun with a port out on Sony‚Äôs platform just a week after maker Pocketpair was sued by Nintendo for alleged patent infringement.

What‚Äôs Coming Out Beyond Pok√©mon: The Indigo Disk | The Week In Games CC Share Subtitles Off

English The Week In Games: What‚Äôs Coming Out Beyond Pok√©mon: The Indigo Disk

The survival crafting sim exploded in popularity on PC via Steam and Xbox Series X/S via Game Pass at the start of 2024 despite only being in Early Access. Players fight whimsical creatures and capture them to help build bases and take on tougher monsters with multiplayer raids reminiscent of what you might find in an MMO.

Advertisement

While the millions of concurrent players it had at launch have since moved on, Palworld continues to be a force to be reckoned with in the multiplayer live-service space, such that Nintendo decided to finally sue the Pok√©mon-inspired game eight months later, citing patent infringement.

Advertisement

‚ÄúNintendo will continue to take necessary actions against any infringement of its intellectual property rights including the Nintendo brand itself, to protect the intellectual properties it has worked hard to establish over the years,‚Äù the company wrote in a statement at the time. ‚ÄúAt this moment, we are unaware of the specific patents we are accused of infringing upon, and we have not been notified of such details,‚Äù responded Pocketpair in its own statement. ‚ÄúIt is truly unfortunate that we will be forced to allocate significant time to matters unrelated to game development due to this lawsuit.‚Äù

Advertisement

Experts have weighed in on the dispute, suggesting that Nintendo wouldn‚Äôt bring a lawsuit against the indie developer unless it felt it had a very strong case. They cited a very specific and highly technical patent around throwing a spherical object to capture a creature that could be one of the things at issue in the lawsuit, though Nintendo hasn‚Äôt yet said what exact parts of Palworld infringe on its IP. It‚Äôs still unclear what impact that lawsuit could have on the game or its existence on rival platforms.

Update 9/25/2024 9:31 p.m. ET: Pocketpair wrote on Twitter that the game is on PS5 in the U.S. and other territories but, notably, not in Japan where the ongoing lawsuit with Nintendo is underway.

"
14,Microsoft claims its AI safety tool not only finds errors but also fixes them - The Verge,https://www.theverge.com/2024/9/24/24253452/microsoft-correction-ai-safety-tool-fix-errors,,"Microsoft is launching a new feature called ‚Äúcorrection‚Äù that builds on the company‚Äôs efforts to combat AI inaccuracies. Customers using Microsoft Azure to power their AI systems can now use the capability to automatically detect and rewrite incorrect content in AI outputs.

The correction feature is available in preview as part of the Azure AI Studio ‚Äî a suite of safety tools designed to detect vulnerabilities, find ‚Äúhallucinations,‚Äù and block malicious prompts. Once enabled, the correction system will scan and identify inaccuracies in AI output by comparing it with a customer‚Äôs source material.

From there, it will highlight the mistake, provide information about why it‚Äôs incorrect, and rewrite the content in question ‚Äî all ‚Äúbefore the user is able to see‚Äù the inaccuracy. While this seems like a helpful way to address the nonsense often espoused by AI models, it might not be a fully reliable solution.

Vertex AI, Google‚Äôs cloud platform for companies developing AI systems, has a feature that ‚Äúgrounds‚Äù AI models by checking outputs against Google Search, a company‚Äôs own data, and (soon) third-party datasets."
15,"Google TV Streamer doesn‚Äôt come with an HDMI cable, so you‚Äôll get a $10 discount instead - 9to5Google",http://9to5google.com/2024/09/24/google-tv-streamer-hdmi-cable/,,"One of the odd quirks of the Google TV Streamer is that the set-top box doesn‚Äôt come with an HDMI cable in the box, but Google will send you $10 off of one in its place.

The Google TV Streamer is a pretty awesome set-top box, but the $99 device lacks the HDMI cable that you‚Äôll need to use it in the box. It‚Äôs an odd decision on Google‚Äôs part, especially seeing as Chromecast owners upgrading to the new device may quite literally not have an HDMI cable ready to replace it given that the previous dongle had that plug built in.

Google does sell a cable separately, though.

The ‚ÄúGoogle Ultra High-Speed HDMI Cable‚Äù is now available through the Google Store for $19.99. The 6.5ft cable supports HDMI 2.1b and is designed specifically to complement the new Streamer. It‚Äôs just not in the box.

To make the new cable a bit more affordable for Streamer buyers, Google is sending out discount codes via email to those who have pre-ordered the device. The email reads in part:

Take $10 off a Google HDMI cable. It‚Äôs perfect for your Google TV Streamer. Because you recently pre-ordered the Google TV Streamer, we‚Äôre giving you a discount on the new Google Ultra High¬≠-Speed HDMI Cable. Thanks for being with us since the Chromecast days.

Below that, you‚Äôll get a unique coupon code for buying the cable at a discount.

The email implies that part of the criteria for getting this discount is having previously owned a Chromecast, which hints that Google is well aware of the potential issue that arises from not including a cable in the box.

The discount code takes the cost of the cable down to $9.99 and expires on November 30.

Of course, the Google TV Streamer readily supports any full-size HDMI cable that you might already own. However, we have noted that some cables can result in the Streamer not sitting flush on a table.

More on Google TV Streamer:

Follow Ben: Twitter/X, Threads, and Instagram"
16,Report: Intel has been eliminated from PC graphics cards - PCWorld,https://www.pcworld.com/article/2467902/report-intel-has-been-eliminated-from-pc-graphics-cards.html,,"Intel may still be a dominant player in PC gaming since it sells a majority of all PC processors ‚Äî and those chips have integrated graphics built into them ‚Äî but as far as its presence in discrete graphics is concerned, Intel‚Äôs time has seemingly come to an end.

According to analyst firm Jon Peddie Research, shipments of PC graphics cards increased to 9.5 million units in the second quarter of 2024 (up 9 percent from the first quarter). It‚Äôs a surprising find since the 10-year average shows a 7.1 percent dip during the second quarter. JPR attributed the gain to the first-quarter launch of new cards.

The more interesting story, though, continues to be the ongoing war between AMD, Nvidia, and Intel in the discrete graphics card market. And in this war, one company has been forced out with Intel now controlling exactly zero percent of the PC graphics card market. (That drop actually occurred around the beginning of the year, reports JPR, after falling from a miniscule 2 percent a year ago.)

That makes the PC graphics card market a two-horse race. Well, barely. Nvidia holds such a commanding share of the market ‚Äî 88 percent ‚Äî that the company essentially controls the market outright. A year ago, Nvidia held an 80 percent share, ceding the remainder to AMD and Intel. Today, the 12 percent of the PC graphics card market that Nvidia doesn‚Äôt control has been ceded to AMD alone.

Jon Peddie Research Jon Peddie Research Jon Peddie Research

‚ÄúThe add-in board market continues to surprise and astonish market watchers who have been predicting its doom for decades,‚Äù said Jon Peddie, JPR‚Äôs president, in a statement. ‚ÄúWith one little dip in Q1 (seasonally normal), we‚Äôve seen four quarters of growth. But, overall shipments are down compared to two years ago, so that‚Äôs not encouraging. However, we remain optimistic about the future, and the fantastic games that are coming that will take all the performance an AIB can offer.‚Äù

There‚Äôs a bit of irony in all this, given that Intel just released its Lunar Lake mobile processor for laptops. Inside Lunar Lake is a new Xe2 graphics core, which Intel plans to bring to market as (potentially) a discrete GPU known as Battlemage. But Battlemage is already late, with Intel having previously predicted a 2023 debut. Meanwhile, Nvidia‚Äôs upcoming GeForce 5000 series (‚ÄúBlackwell‚Äù) is eagerly awaited and hopefully will debut soon.

The good news, according to JPR analyst C. Robert Dow, is that PC graphics card prices should remain flat until Nvidia and AMD release their next-gen GPUs. Whether Intel can regain any market share at all while competing against those chips, however, seems like it would require something close to a miracle to pull off."
